<pkg-contents spec="1.12"><f n="XVim.xcplugin" o="shu" g="staff" p="16877" pt="/Users/shu/Develop/XVim/build/Release/XVim.xcplugin" m="false" t="file"><f n="Contents" o="shu" g="staff" p="16877"><f n="Info.plist" o="shu" g="staff" p="33188"/><f n="MacOS" o="shu" g="staff" p="16877"><f n="XVim" o="shu" g="staff" p="33261"/></f><f n="Resources" o="shu" g="staff" p="16877"><f n="en.lproj" o="shu" g="staff" p="16877"><f n="InfoPlist.strings" o="shu" g="staff" p="33188"/></f></f></f></f></pkg-contents>