<pkgref spec="1.12" uuid="5381CE5D-130F-4FCA-A8DE-64F5EA06F867"><config><identifier>JugglerShu.Net.xvim.XVim.pkg</identifier><version>0.01</version><description></description><post-install type="none"/><installFrom relative="true" mod="true" includeRoot="true">build/Release/XVim.xcplugin</installFrom><installTo mod="true">/Library/Application Support/Developer/Shared/Xcode/Plug-ins</installTo><flags><followSymbolicLinks/></flags><packageStore type="internal"></packageStore><mod>installTo</mod><mod>installFrom.path</mod><mod>requireAuthorization</mod><mod>parent</mod><mod>includeRoot</mod><mod>installTo.path</mod><mod>version</mod></config><contents><file-list>01xvim-contents.xml</file-list><component id="net.JugglerShu.XVim" path="/Users/shu/Develop/XVim/build/Release/XVim.xcplugin" version="1"/><filter>/CVS$</filter><filter>/\.svn$</filter><filter>/\.cvsignore$</filter><filter>/\.cvspass$</filter><filter>/\.DS_Store$</filter></contents></pkgref>