<pkmkdoc spec="1.12"><properties><title>XVim</title><build>/Users/shu/Documents/XVim.pkg</build><organization>JugglerShu.Net</organization><userSees ui="easy"/><min-target os="3"/><domain user="true"/></properties><distribution><versions min-spec="1.000000"/><scripts></scripts></distribution><contents><choice title="XVim" id="choice0" starts_selected="true" starts_enabled="true" starts_hidden="false"><pkgref id="JugglerShu.Net.xvim.XVim.pkg"/></choice></contents><resources bg-scale="none" bg-align="topleft"><locale lang="en"/></resources><flags/><postinstall><action id="com.apple.packagemaker.actions.openurl"><value>https://github.com/JugglerShu/XVim/blob/master/Documents/Users/FeatureList.md</value></action></postinstall><item type="file">01xvim.xml</item><mod>properties.title</mod><mod>properties.userDomain</mod><mod>properties.anywhereDomain</mod><mod>postinstallActions.actions</mod></pkmkdoc>